<?xml version="1.0" encoding="UTF-8"?>
<!DOCTYPE MudletPackage>
<MudletPackage version="1.001">
    <ScriptPackage>
        <ScriptGroup isActive="yes" isFolder="yes">
            <name>class</name>
            <packageName></packageName>
            <script>--[[
	INSTRUCTIONS: 
		REMOVE FOLDER: Remove this folder and place into your PERSONAL triggers B4 you update the system.
]] </script>
            <eventHandlerList/>
            <Script isActive="yes" isFolder="no">
                <name>snb</name>
                <packageName></packageName>
                <script>TReX.class.snb = function()

t.serverside.affs2tree4 = {&quot;anorexia&quot;, &quot;slickness&quot;, &quot;asthma&quot;, &quot;impatience&quot;,&quot;scytherus&quot;,&quot;hypochondria&quot;,&quot;epilepsy&quot;,&quot;weariness&quot;,&quot;dizziness&quot;,&quot;disloyalty&quot;
	,&quot;stuttering&quot;,&quot;sensitivity&quot;,&quot;confusion&quot;,&quot;clumsiness&quot;,&quot;darkshade&quot;,&quot;stupidity&quot;,&quot;lethargy&quot;,&quot;voyria&quot;,&quot;nausea&quot;,&quot;hellsight&quot;
	,&quot;addiction&quot;,&quot;dissonance&quot;,&quot;haemophilia&quot;,&quot;loneliness&quot;,&quot;recklessness&quot;,&quot;brokenleftleg&quot;,&quot;brokenrightleg&quot;,&quot;brokenleftarm&quot;,&quot;brokenrightarm&quot;,&quot;concussion&quot;}

   
if t.serverside[&quot;settings&quot;].tree and (t.bals.tree) then
	if TReX.serverside.numberOfLockAffs() &gt;= TReX.affs2tree[&quot;_by_class&quot;][&quot;snb&quot;] then    
		raiseEvent(&quot;trackable_event got&quot;)
	end
end
    


end</script>
                <eventHandlerList/>
            </Script>
            <Script isActive="yes" isFolder="no">
                <name>bard</name>
                <packageName></packageName>
                <script>TReX.class.bard = function()

t.serverside.affs2tree4 = {&quot;anorexia&quot;, &quot;slickness&quot;, &quot;asthma&quot;, &quot;impatience&quot;,&quot;scytherus&quot;,&quot;hypochondria&quot;,&quot;epilepsy&quot;,&quot;weariness&quot;,&quot;dizziness&quot;,&quot;disloyalty&quot;
	,&quot;stuttering&quot;,&quot;sensitivity&quot;,&quot;confusion&quot;,&quot;clumsiness&quot;,&quot;darkshade&quot;,&quot;stupidity&quot;,&quot;lethargy&quot;,&quot;voyria&quot;,&quot;nausea&quot;,&quot;hellsight&quot;
	,&quot;addiction&quot;,&quot;dissonance&quot;,&quot;haemophilia&quot;,&quot;loneliness&quot;,&quot;recklessness&quot;,&quot;brokenleftleg&quot;,&quot;brokenrightleg&quot;,&quot;brokenleftarm&quot;,&quot;brokenrightarm&quot;,&quot;concussion&quot;}

   
if t.serverside[&quot;settings&quot;].tree and (t.bals.tree) then
	if TReX.serverside.numberOfLockAffs() &gt;= TReX.affs2tree[&quot;_by_class&quot;][&quot;bard&quot;] then    
		raiseEvent(&quot;trackable_event got&quot;)
		
	end
end
    


end</script>
                <eventHandlerList/>
            </Script>
            <Script isActive="yes" isFolder="no">
                <name>magi</name>
                <packageName></packageName>
                <script>TReX.class.magi = function()


t.serverside.affs2tree4 = {&quot;anorexia&quot;, &quot;slickness&quot;, &quot;asthma&quot;, &quot;impatience&quot;,&quot;scytherus&quot;,&quot;hypochondria&quot;,&quot;epilepsy&quot;,&quot;weariness&quot;,&quot;dizziness&quot;,&quot;disloyalty&quot;
	,&quot;stuttering&quot;,&quot;sensitivity&quot;,&quot;confusion&quot;,&quot;clumsiness&quot;,&quot;darkshade&quot;,&quot;stupidity&quot;,&quot;lethargy&quot;,&quot;voyria&quot;,&quot;nausea&quot;,&quot;hellsight&quot;
	,&quot;addiction&quot;,&quot;dissonance&quot;,&quot;haemophilia&quot;,&quot;loneliness&quot;,&quot;recklessness&quot;,&quot;brokenleftleg&quot;,&quot;brokenrightleg&quot;,&quot;brokenleftarm&quot;,&quot;brokenrightarm&quot;,&quot;concussion&quot;}

   
if t.serverside[&quot;settings&quot;].tree and (t.bals.tree) then
	if TReX.serverside.numberOfLockAffs() &gt;= TReX.affs2tree[&quot;_by_class&quot;][&quot;magi&quot;] then    
		raiseEvent(&quot;trackable_event got&quot;)
		
	end
end
    


end
</script>
                <eventHandlerList/>
            </Script>
            <Script isActive="yes" isFolder="no">
                <name>monk</name>
                <packageName></packageName>
                <script>TReX.class.monk = function(aff)


t.serverside.affs2tree4 = {&quot;anorexia&quot;, &quot;slickness&quot;, &quot;asthma&quot;, &quot;impatience&quot;,&quot;scytherus&quot;,&quot;hypochondria&quot;,&quot;epilepsy&quot;,&quot;weariness&quot;,&quot;dizziness&quot;,&quot;disloyalty&quot;
	,&quot;stuttering&quot;,&quot;sensitivity&quot;,&quot;confusion&quot;,&quot;clumsiness&quot;,&quot;darkshade&quot;,&quot;stupidity&quot;,&quot;lethargy&quot;,&quot;voyria&quot;,&quot;nausea&quot;,&quot;hellsight&quot;
	,&quot;addiction&quot;,&quot;dissonance&quot;,&quot;haemophilia&quot;,&quot;loneliness&quot;,&quot;recklessness&quot;,&quot;brokenleftleg&quot;,&quot;brokenrightleg&quot;,&quot;brokenleftarm&quot;,&quot;brokenrightarm&quot;,&quot;concussion&quot;}

   
if t.serverside[&quot;settings&quot;].tree and (t.bals.tree) then
	if TReX.serverside.numberOfLockAffs() &gt;= TReX.affs2tree[&quot;_by_class&quot;][&quot;monk&quot;] then    
		raiseEvent(&quot;trackable_event got&quot;)
		
	end
end
    


end</script>
                <eventHandlerList/>
            </Script>
            <Script isActive="yes" isFolder="no">
                <name>druid</name>
                <packageName></packageName>
                <script>TReX.class.druid = function()


t.serverside.affs2tree4 = {&quot;anorexia&quot;, &quot;slickness&quot;, &quot;asthma&quot;, &quot;impatience&quot;,&quot;scytherus&quot;,&quot;hypochondria&quot;,&quot;epilepsy&quot;,&quot;weariness&quot;,&quot;dizziness&quot;,&quot;disloyalty&quot;
	,&quot;stuttering&quot;,&quot;sensitivity&quot;,&quot;confusion&quot;,&quot;clumsiness&quot;,&quot;darkshade&quot;,&quot;stupidity&quot;,&quot;lethargy&quot;,&quot;voyria&quot;,&quot;nausea&quot;,&quot;hellsight&quot;
	,&quot;addiction&quot;,&quot;dissonance&quot;,&quot;haemophilia&quot;,&quot;loneliness&quot;,&quot;recklessness&quot;,&quot;brokenleftleg&quot;,&quot;brokenrightleg&quot;,&quot;brokenleftarm&quot;,&quot;brokenrightarm&quot;,&quot;concussion&quot;}

   
if t.serverside[&quot;settings&quot;].tree and (t.bals.tree) then
	if TReX.serverside.numberOfLockAffs() &gt;= TReX.affs2tree[&quot;_by_class&quot;][&quot;druid&quot;] then    
		raiseEvent(&quot;trackable_event got&quot;)
		
	end
end
    


end</script>
                <eventHandlerList/>
            </Script>
            <Script isActive="yes" isFolder="no">
                <name>jester</name>
                <packageName></packageName>
                <script>TReX.class.jester = function(aff)


t.serverside.affs2tree4 = {&quot;anorexia&quot;, &quot;slickness&quot;, &quot;asthma&quot;, &quot;impatience&quot;,&quot;scytherus&quot;,&quot;hypochondria&quot;,&quot;epilepsy&quot;,&quot;weariness&quot;,&quot;dizziness&quot;,&quot;disloyalty&quot;
	,&quot;stuttering&quot;,&quot;sensitivity&quot;,&quot;confusion&quot;,&quot;clumsiness&quot;,&quot;darkshade&quot;,&quot;stupidity&quot;,&quot;lethargy&quot;,&quot;voyria&quot;,&quot;nausea&quot;,&quot;hellsight&quot;
	,&quot;addiction&quot;,&quot;dissonance&quot;,&quot;haemophilia&quot;,&quot;loneliness&quot;,&quot;recklessness&quot;,&quot;brokenleftleg&quot;,&quot;brokenrightleg&quot;,&quot;brokenleftarm&quot;,&quot;brokenrightarm&quot;,&quot;concussion&quot;}

   
if t.serverside[&quot;settings&quot;].tree and (t.bals.tree) then
	if TReX.serverside.numberOfLockAffs() &gt;= TReX.affs2tree[&quot;_by_class&quot;][&quot;jester&quot;] then    
		raiseEvent(&quot;trackable_event got&quot;)
		
	end
end
    


end</script>
                <eventHandlerList/>
            </Script>
            <Script isActive="yes" isFolder="no">
                <name>priest</name>
                <packageName></packageName>
                <script>TReX.class.priest = function()


t.serverside.affs2tree4 = {&quot;anorexia&quot;, &quot;slickness&quot;, &quot;asthma&quot;, &quot;impatience&quot;,&quot;scytherus&quot;,&quot;hypochondria&quot;,&quot;epilepsy&quot;,&quot;weariness&quot;,&quot;dizziness&quot;,&quot;disloyalty&quot;
	,&quot;stuttering&quot;,&quot;sensitivity&quot;,&quot;confusion&quot;,&quot;clumsiness&quot;,&quot;darkshade&quot;,&quot;stupidity&quot;,&quot;lethargy&quot;,&quot;voyria&quot;,&quot;nausea&quot;,&quot;hellsight&quot;
	,&quot;addiction&quot;,&quot;dissonance&quot;,&quot;haemophilia&quot;,&quot;loneliness&quot;,&quot;recklessness&quot;,&quot;brokenleftleg&quot;,&quot;brokenrightleg&quot;,&quot;brokenleftarm&quot;,&quot;brokenrightarm&quot;,&quot;concussion&quot;}

   
if t.serverside[&quot;settings&quot;].tree and (t.bals.tree) then
	if TReX.serverside.numberOfLockAffs() &gt;= TReX.affs2tree[&quot;_by_class&quot;][&quot;priest&quot;] then    
		raiseEvent(&quot;trackable_event got&quot;)
		
	end
end
    


end</script>
                <eventHandlerList/>
            </Script>
            <Script isActive="yes" isFolder="no">
                <name>sylvan</name>
                <packageName></packageName>
                <script>TReX.class.sylvan = function()

t.serverside.affs2tree4 = {&quot;anorexia&quot;, &quot;slickness&quot;, &quot;asthma&quot;, &quot;impatience&quot;,&quot;scytherus&quot;,&quot;hypochondria&quot;,&quot;epilepsy&quot;,&quot;weariness&quot;,&quot;dizziness&quot;,&quot;disloyalty&quot;
	,&quot;stuttering&quot;,&quot;sensitivity&quot;,&quot;confusion&quot;,&quot;clumsiness&quot;,&quot;darkshade&quot;,&quot;stupidity&quot;,&quot;lethargy&quot;,&quot;voyria&quot;,&quot;nausea&quot;,&quot;hellsight&quot;
	,&quot;addiction&quot;,&quot;dissonance&quot;,&quot;haemophilia&quot;,&quot;loneliness&quot;,&quot;recklessness&quot;,&quot;brokenleftleg&quot;,&quot;brokenrightleg&quot;,&quot;brokenleftarm&quot;,&quot;brokenrightarm&quot;,&quot;concussion&quot;}

   
if t.serverside[&quot;settings&quot;].tree and (t.bals.tree) then
	if TReX.serverside.numberOfLockAffs() &gt;= TReX.affs2tree[&quot;_by_class&quot;][&quot;sylvan&quot;] then    
		raiseEvent(&quot;trackable_event got&quot;)
		
	end
end
    


end

</script>
                <eventHandlerList/>
            </Script>
            <Script isActive="yes" isFolder="no">
                <name>serpent</name>
                <packageName></packageName>
                <script>TReX.class.serpent = function()

t.serverside.affs2tree4 = {&quot;anorexia&quot;, &quot;slickness&quot;, &quot;asthma&quot;, &quot;impatience&quot;,&quot;scytherus&quot;,&quot;hypochondria&quot;,&quot;epilepsy&quot;,&quot;weariness&quot;,&quot;dizziness&quot;,&quot;disloyalty&quot;
	,&quot;stuttering&quot;,&quot;sensitivity&quot;,&quot;confusion&quot;,&quot;clumsiness&quot;,&quot;darkshade&quot;,&quot;stupidity&quot;,&quot;lethargy&quot;,&quot;voyria&quot;,&quot;nausea&quot;,&quot;hellsight&quot;
	,&quot;addiction&quot;,&quot;dissonance&quot;,&quot;haemophilia&quot;,&quot;loneliness&quot;,&quot;recklessness&quot;,&quot;brokenleftleg&quot;,&quot;brokenrightleg&quot;,&quot;brokenleftarm&quot;,&quot;brokenrightarm&quot;,&quot;concussion&quot;}

   
if t.serverside[&quot;settings&quot;].tree and (t.bals.tree) then
	if TReX.serverside.numberOfLockAffs() &gt;= TReX.affs2tree[&quot;_by_class&quot;][&quot;serpent&quot;] then    
		raiseEvent(&quot;trackable_event got&quot;)
		
	end
end
    


end</script>
                <eventHandlerList/>
            </Script>
            <Script isActive="yes" isFolder="no">
                <name>shaman</name>
                <packageName></packageName>
                <script>TReX.class.shaman = function(aff)


t.serverside.affs2tree4 = {&quot;anorexia&quot;, &quot;slickness&quot;, &quot;asthma&quot;, &quot;impatience&quot;,&quot;scytherus&quot;,&quot;hypochondria&quot;,&quot;epilepsy&quot;,&quot;weariness&quot;,&quot;dizziness&quot;,&quot;disloyalty&quot;
	,&quot;stuttering&quot;,&quot;sensitivity&quot;,&quot;confusion&quot;,&quot;clumsiness&quot;,&quot;darkshade&quot;,&quot;stupidity&quot;,&quot;lethargy&quot;,&quot;voyria&quot;,&quot;nausea&quot;,&quot;hellsight&quot;
	,&quot;addiction&quot;,&quot;dissonance&quot;,&quot;haemophilia&quot;,&quot;loneliness&quot;,&quot;recklessness&quot;,&quot;brokenleftleg&quot;,&quot;brokenrightleg&quot;,&quot;brokenleftarm&quot;,&quot;brokenrightarm&quot;,&quot;concussion&quot;}

   
if t.serverside[&quot;settings&quot;].tree and (t.bals.tree) then
	if TReX.serverside.numberOfLockAffs() &gt;= TReX.affs2tree[&quot;_by_class&quot;][&quot;shaman&quot;] then    
		raiseEvent(&quot;trackable_event got&quot;)
		
	end
end
    


end</script>
                <eventHandlerList/>
            </Script>
            <Script isActive="yes" isFolder="no">
                <name>sentinel</name>
                <packageName></packageName>
                <script>TReX.class.sentinel = function()


t.serverside.affs2tree4 = {&quot;anorexia&quot;, &quot;slickness&quot;, &quot;asthma&quot;, &quot;impatience&quot;,&quot;scytherus&quot;,&quot;hypochondria&quot;,&quot;epilepsy&quot;,&quot;weariness&quot;,&quot;dizziness&quot;,&quot;disloyalty&quot;
	,&quot;stuttering&quot;,&quot;sensitivity&quot;,&quot;confusion&quot;,&quot;clumsiness&quot;,&quot;darkshade&quot;,&quot;stupidity&quot;,&quot;lethargy&quot;,&quot;voyria&quot;,&quot;nausea&quot;,&quot;hellsight&quot;
	,&quot;addiction&quot;,&quot;dissonance&quot;,&quot;haemophilia&quot;,&quot;loneliness&quot;,&quot;recklessness&quot;,&quot;brokenleftleg&quot;,&quot;brokenrightleg&quot;,&quot;brokenleftarm&quot;,&quot;brokenrightarm&quot;,&quot;concussion&quot;}

   
if t.serverside[&quot;settings&quot;].tree and (t.bals.tree) then
	if TReX.serverside.numberOfLockAffs() &gt;= TReX.affs2tree[&quot;_by_class&quot;][&quot;sentinel&quot;] then    
		raiseEvent(&quot;trackable_event got&quot;)
		
	end
end
    


end</script>
                <eventHandlerList/>
            </Script>
            <Script isActive="yes" isFolder="no">
                <name>occultist</name>
                <packageName></packageName>
                <script>TReX.class.occultist = function()


t.serverside.affs2tree4 = {&quot;anorexia&quot;, &quot;slickness&quot;, &quot;asthma&quot;, &quot;impatience&quot;,&quot;scytherus&quot;,&quot;hypochondria&quot;,&quot;epilepsy&quot;,&quot;weariness&quot;,&quot;dizziness&quot;,&quot;disloyalty&quot;
	,&quot;stuttering&quot;,&quot;sensitivity&quot;,&quot;confusion&quot;,&quot;clumsiness&quot;,&quot;darkshade&quot;,&quot;stupidity&quot;,&quot;lethargy&quot;,&quot;voyria&quot;,&quot;nausea&quot;,&quot;hellsight&quot;
	,&quot;addiction&quot;,&quot;dissonance&quot;,&quot;haemophilia&quot;,&quot;loneliness&quot;,&quot;recklessness&quot;,&quot;brokenleftleg&quot;,&quot;brokenrightleg&quot;,&quot;brokenleftarm&quot;,&quot;brokenrightarm&quot;,&quot;concussion&quot;}

   
if t.serverside[&quot;settings&quot;].tree and (t.bals.tree) then
	if TReX.serverside.numberOfLockAffs() &gt;= TReX.affs2tree[&quot;_by_class&quot;][&quot;occultist&quot;] then    
		raiseEvent(&quot;trackable_event got&quot;)
		
	end
end
    


end</script>
                <eventHandlerList/>
            </Script>
            <Script isActive="yes" isFolder="no">
                <name>apostate</name>
                <packageName></packageName>
                <script>TReX.class.apostate = function()


t.serverside.affs2tree4 = {&quot;anorexia&quot;, &quot;slickness&quot;, &quot;asthma&quot;, &quot;impatience&quot;,&quot;scytherus&quot;,&quot;hypochondria&quot;,&quot;epilepsy&quot;,&quot;weariness&quot;,&quot;dizziness&quot;,&quot;disloyalty&quot;
	,&quot;stuttering&quot;,&quot;sensitivity&quot;,&quot;confusion&quot;,&quot;clumsiness&quot;,&quot;darkshade&quot;,&quot;stupidity&quot;,&quot;lethargy&quot;,&quot;voyria&quot;,&quot;nausea&quot;,&quot;hellsight&quot;
	,&quot;addiction&quot;,&quot;dissonance&quot;,&quot;haemophilia&quot;,&quot;loneliness&quot;,&quot;recklessness&quot;,&quot;brokenleftleg&quot;,&quot;brokenrightleg&quot;,&quot;brokenleftarm&quot;,&quot;brokenrightarm&quot;,&quot;concussion&quot;}

   
if t.serverside[&quot;settings&quot;].tree and (t.bals.tree) then
	if TReX.serverside.numberOfLockAffs() &gt;= TReX.affs2tree[&quot;_by_class&quot;][&quot;apostate&quot;] then    
		raiseEvent(&quot;trackable_event got&quot;)
		
	end
end
    


end</script>
                <eventHandlerList/>
            </Script>
            <Script isActive="yes" isFolder="no">
                <name>alchemist</name>
                <packageName></packageName>
                <script>TReX.class.alchemist = function() -- and calls this function


t.serverside.affs2tree4 = {&quot;anorexia&quot;, &quot;slickness&quot;, &quot;asthma&quot;, &quot;impatience&quot;,&quot;scytherus&quot;,&quot;hypochondria&quot;,&quot;epilepsy&quot;,&quot;weariness&quot;,&quot;dizziness&quot;,&quot;disloyalty&quot;
	,&quot;stuttering&quot;,&quot;sensitivity&quot;,&quot;confusion&quot;,&quot;clumsiness&quot;,&quot;darkshade&quot;,&quot;stupidity&quot;,&quot;lethargy&quot;,&quot;voyria&quot;,&quot;nausea&quot;,&quot;hellsight&quot;
	,&quot;addiction&quot;,&quot;dissonance&quot;,&quot;haemophilia&quot;,&quot;loneliness&quot;,&quot;recklessness&quot;,&quot;brokenleftleg&quot;,&quot;brokenrightleg&quot;,&quot;brokenleftarm&quot;,&quot;brokenrightarm&quot;,&quot;concussion&quot;}

   
if t.serverside[&quot;settings&quot;].tree and (t.bals.tree) then
	if TReX.serverside.numberOfLockAffs() &gt;= TReX.affs2tree[&quot;_by_class&quot;][&quot;alchemist&quot;] then    
		raiseEvent(&quot;trackable_event got&quot;)
		
	end
end
    


end</script>
                <eventHandlerList/>
            </Script>
            <Script isActive="yes" isFolder="no">
                <name>dual blunt</name>
                <packageName></packageName>
                <script>TReX.class.dualb = function()


t.serverside.affs2tree4 = {&quot;anorexia&quot;, &quot;slickness&quot;, &quot;asthma&quot;, &quot;impatience&quot;,&quot;scytherus&quot;,&quot;hypochondria&quot;,&quot;epilepsy&quot;,&quot;weariness&quot;,&quot;dizziness&quot;,&quot;disloyalty&quot;
	,&quot;stuttering&quot;,&quot;sensitivity&quot;,&quot;confusion&quot;,&quot;clumsiness&quot;,&quot;darkshade&quot;,&quot;stupidity&quot;,&quot;lethargy&quot;,&quot;voyria&quot;,&quot;nausea&quot;,&quot;hellsight&quot;
	,&quot;addiction&quot;,&quot;dissonance&quot;,&quot;haemophilia&quot;,&quot;loneliness&quot;,&quot;recklessness&quot;,&quot;brokenleftleg&quot;,&quot;brokenrightleg&quot;,&quot;brokenleftarm&quot;,&quot;brokenrightarm&quot;,&quot;concussion&quot;}

   
if t.serverside[&quot;settings&quot;].tree and (t.bals.tree) then
	if TReX.serverside.numberOfLockAffs() &gt;= TReX.affs2tree[&quot;_by_class&quot;][&quot;dualb&quot;] then    
		raiseEvent(&quot;trackable_event got&quot;)
		
	end
end
    


end</script>
                <eventHandlerList/>
            </Script>
            <Script isActive="yes" isFolder="no">
                <name>two hander</name>
                <packageName></packageName>
                <script>TReX.class.twoh = function()


t.serverside.affs2tree4 = {&quot;anorexia&quot;, &quot;slickness&quot;, &quot;asthma&quot;, &quot;impatience&quot;,&quot;scytherus&quot;,&quot;hypochondria&quot;,&quot;epilepsy&quot;,&quot;weariness&quot;,&quot;dizziness&quot;,&quot;disloyalty&quot;
	,&quot;stuttering&quot;,&quot;sensitivity&quot;,&quot;confusion&quot;,&quot;clumsiness&quot;,&quot;darkshade&quot;,&quot;stupidity&quot;,&quot;lethargy&quot;,&quot;voyria&quot;,&quot;nausea&quot;,&quot;hellsight&quot;
	,&quot;addiction&quot;,&quot;dissonance&quot;,&quot;haemophilia&quot;,&quot;loneliness&quot;,&quot;recklessness&quot;,&quot;brokenleftleg&quot;,&quot;brokenrightleg&quot;,&quot;brokenleftarm&quot;,&quot;brokenrightarm&quot;,&quot;concussion&quot;}

   
if t.serverside[&quot;settings&quot;].tree and (t.bals.tree) then
	if TReX.serverside.numberOfLockAffs() &gt;= TReX.affs2tree[&quot;_by_class&quot;][&quot;twoh&quot;] then    
		raiseEvent(&quot;trackable_event got&quot;)
		
	end
end
    


end</script>
                <eventHandlerList/>
            </Script>
            <Script isActive="yes" isFolder="no">
                <name>dual cutting</name>
                <packageName></packageName>
                <script>TReX.class.dualc = function()



t.serverside.affs2tree4 = {&quot;anorexia&quot;, &quot;slickness&quot;, &quot;asthma&quot;, &quot;impatience&quot;,&quot;scytherus&quot;,&quot;hypochondria&quot;,&quot;epilepsy&quot;,&quot;weariness&quot;,&quot;dizziness&quot;,&quot;disloyalty&quot;
	,&quot;stuttering&quot;,&quot;sensitivity&quot;,&quot;confusion&quot;,&quot;clumsiness&quot;,&quot;darkshade&quot;,&quot;stupidity&quot;,&quot;lethargy&quot;,&quot;voyria&quot;,&quot;nausea&quot;,&quot;hellsight&quot;
	,&quot;addiction&quot;,&quot;dissonance&quot;,&quot;haemophilia&quot;,&quot;loneliness&quot;,&quot;recklessness&quot;,&quot;brokenleftleg&quot;,&quot;brokenrightleg&quot;,&quot;brokenleftarm&quot;,&quot;brokenrightarm&quot;,&quot;concussion&quot;}

   
if t.serverside[&quot;settings&quot;].tree and (t.bals.tree) then
	if TReX.serverside.numberOfLockAffs() &gt;= TReX.affs2tree[&quot;_by_class&quot;][&quot;dualc&quot;] then    
		raiseEvent(&quot;trackable_event got&quot;)
		
	end
end
    


end</script>
                <eventHandlerList/>
            </Script>
            <Script isActive="yes" isFolder="no">
                <name>blademaster</name>
                <packageName></packageName>
                <script>TReX.class.blademaster = function()


t.serverside.affs2tree4 = {&quot;anorexia&quot;, &quot;slickness&quot;, &quot;asthma&quot;, &quot;impatience&quot;,&quot;scytherus&quot;,&quot;hypochondria&quot;,&quot;epilepsy&quot;,&quot;weariness&quot;,&quot;dizziness&quot;,&quot;disloyalty&quot;
	,&quot;stuttering&quot;,&quot;sensitivity&quot;,&quot;confusion&quot;,&quot;clumsiness&quot;,&quot;darkshade&quot;,&quot;stupidity&quot;,&quot;lethargy&quot;,&quot;voyria&quot;,&quot;nausea&quot;,&quot;hellsight&quot;
	,&quot;addiction&quot;,&quot;dissonance&quot;,&quot;haemophilia&quot;,&quot;loneliness&quot;,&quot;recklessness&quot;,&quot;brokenleftleg&quot;,&quot;brokenrightleg&quot;,&quot;brokenleftarm&quot;,&quot;brokenrightarm&quot;,&quot;concussion&quot;}

   
if t.serverside[&quot;settings&quot;].tree and (t.bals.tree) then
	if TReX.serverside.numberOfLockAffs() &gt;= TReX.affs2tree[&quot;_by_class&quot;][&quot;blademaster&quot;] then    
		raiseEvent(&quot;trackable_event got&quot;)
		
	end
end
    


end</script>
                <eventHandlerList/>
            </Script>
            <Script isActive="yes" isFolder="no">
                <name>dragoncheck</name>
                <packageName></packageName>
                <script>TReX.class.dragon = function()


t.serverside.affs2tree4 = {&quot;anorexia&quot;, &quot;slickness&quot;, &quot;asthma&quot;, &quot;impatience&quot;,&quot;scytherus&quot;,&quot;hypochondria&quot;,&quot;epilepsy&quot;,&quot;weariness&quot;,&quot;dizziness&quot;,&quot;disloyalty&quot;
	,&quot;stuttering&quot;,&quot;sensitivity&quot;,&quot;confusion&quot;,&quot;clumsiness&quot;,&quot;darkshade&quot;,&quot;stupidity&quot;,&quot;lethargy&quot;,&quot;voyria&quot;,&quot;nausea&quot;,&quot;hellsight&quot;
	,&quot;addiction&quot;,&quot;dissonance&quot;,&quot;haemophilia&quot;,&quot;loneliness&quot;,&quot;recklessness&quot;,&quot;brokenleftleg&quot;,&quot;brokenrightleg&quot;,&quot;brokenleftarm&quot;,&quot;brokenrightarm&quot;,&quot;concussion&quot;}

   
if t.serverside[&quot;settings&quot;].tree and (t.bals.tree) then
	if TReX.serverside.numberOfLockAffs() &gt;= TReX.affs2tree[&quot;_by_class&quot;][&quot;dragon&quot;] then    
		raiseEvent(&quot;trackable_event got&quot;)
		
	end
end
    


end</script>
                <eventHandlerList/>
            </Script>
            <Script isActive="yes" isFolder="no">
                <name>depthswalker</name>
                <packageName></packageName>
                <script>TReX.class.depthswalker = function() 


t.serverside.affs2tree4 = {&quot;anorexia&quot;, &quot;slickness&quot;, &quot;asthma&quot;, &quot;impatience&quot;,&quot;scytherus&quot;,&quot;hypochondria&quot;,&quot;epilepsy&quot;,&quot;weariness&quot;,&quot;dizziness&quot;,&quot;disloyalty&quot;
	,&quot;stuttering&quot;,&quot;sensitivity&quot;,&quot;confusion&quot;,&quot;clumsiness&quot;,&quot;darkshade&quot;,&quot;stupidity&quot;,&quot;lethargy&quot;,&quot;voyria&quot;,&quot;nausea&quot;,&quot;hellsight&quot;
	,&quot;addiction&quot;,&quot;dissonance&quot;,&quot;haemophilia&quot;,&quot;loneliness&quot;,&quot;recklessness&quot;,&quot;brokenleftleg&quot;,&quot;brokenrightleg&quot;,&quot;brokenleftarm&quot;,&quot;brokenrightarm&quot;,&quot;concussion&quot;}

   
if t.serverside[&quot;settings&quot;].tree and (t.bals.tree) then
	if TReX.serverside.numberOfLockAffs() &gt;= TReX.affs2tree[&quot;_by_class&quot;][&quot;depthswalker&quot;] then    
		raiseEvent(&quot;trackable_event got&quot;)
		
	end
end
    


end</script>
                <eventHandlerList/>
            </Script>
        </ScriptGroup>
    </ScriptPackage>
</MudletPackage>
