<?xml version="1.0" encoding="UTF-8"?>
<!DOCTYPE MudletPackage>
<MudletPackage version="1.001">
    <ScriptPackage>
        <ScriptGroup isActive="yes" isFolder="yes">
            <name>events</name>
            <packageName></packageName>
            <script></script>
            <eventHandlerList/>
            <Script isActive="yes" isFolder="no">
                <name>lostaff</name>
                <packageName></packageName>
                <script>-------------------------------------------------
--         Put your Lua functions here.        --
--                                             --
-- Note that you can also use external Scripts --
-------------------------------------------------
lostaff = function(event, aff)

	if t.serverside[&quot;settings&quot;].installed then
		raiseEvent(&quot;trackable_event lost&quot;)

	if event:find(&quot;lost aff&quot;) then

		if t.serverside[&quot;settings&quot;].override then
			t.serverside[&quot;settings&quot;].override = false
		end -- if override
		
		if (aff == &quot;aeon&quot;) then
			send(&quot;CURING BATCH ON&quot;, false)
     		send(&quot;CURING DEFENCES ON&quot;, false)
      		send(&quot;CURING SIPHEALTH &quot; ..t.serverside[&quot;settings_default&quot;].sip_health_at, false)
     	 	send(&quot;CURING SIPMANA &quot; ..t.serverside[&quot;settings_default&quot;].sip_mana_at, false)
      		send(&quot;CURING MOSSHEALTH &quot; ..t.serverside[&quot;settings_default&quot;].moss_health_at, false)
       	send(&quot;CURING MOSSMANA &quot; ..t.serverside[&quot;settings_default&quot;].moss_mana_at, false)
     			if t.serverside[&quot;settings_default&quot;].clot_at ~= 5 then
					t.send(&quot;CURING CLOTAT 5&quot;, false)
					t.serverside[&quot;settings_default&quot;].clot_at = 5
			   end
       
			     for k, v in pairs(TReX.prios.default) do
              TReX.prios.switchPrios(k,TReX.prios.default[k])
           end
					TReX.defs.keepup()
		end -- if aeon

		if (aff == &quot;blackout&quot;) then

            TReX.serverside.autoTreeOff()
        
            --for k, v in pairs(TReX.prios.default) do
              --  if TReX.prios.current[k] ~= TReX.prios.default[k] then
               --     TReX.prios.switchPrios(k,TReX.prios.default[k])
              --  end
           -- end
    
        		if (t.serverside[&quot;settings&quot;].debugEnabled) then TReX.debugMessage(&quot; ( blackout COMPILED ) &quot;) end

    	  end -- if blackout

		if aff==&quot;mangledleftarm&quot; then 
			TReX.serverside.affadd(&quot;damagedleftarm&quot;)
			TReX.prios.affPrioRestore(&quot;damagedleftarm&quot;)
		end
		
		if aff==&quot;mangledrightarm&quot; then 
			TReX.serverside.affadd(&quot;brokenrightarm&quot;)
			TReX.prios.affPrioRestore(&quot;brokenrightarm&quot;)
		end

		if aff==&quot;damagedleftarm&quot; then 
			TReX.serverside.affadd(&quot;brokenleftarm&quot;)
			TReX.prios.affPrioRestore(&quot;brokenleftarm&quot;)			
		end
		
		if aff==&quot;damagedrighttarm&quot; then 
			TReX.serverside.affadd(&quot;brokenrighttarm&quot;)
			TReX.prios.affPrioRestore(&quot;brokenrighttarm&quot;)
		end
		

		if aff==&quot;mangledleftleg&quot; then 
			TReX.serverside.affadd(&quot;damagedleftleg&quot;)
			TReX.prios.affPrioRestore(&quot;damagedleftleg&quot;)
		end
		
		if aff==&quot;mangledrightleg&quot; then 
			TReX.serverside.affadd(&quot;brokenrightleg&quot;)
			TReX.prios.affPrioRestore(&quot;brokenrightleg&quot;)
		end

		if aff==&quot;damagedleftleg&quot; then 
			TReX.serverside.affadd(&quot;brokenleftleg&quot;)
			TReX.prios.affPrioRestore(&quot;brokenleftleg&quot;)
		end
		
		if aff==&quot;damagedrighttarm&quot; then 
			TReX.serverside.affadd(&quot;brokenrightleg&quot;)
			TReX.prios.affPrioRestore(&quot;brokenrightleg&quot;)
		end


		if aff==&quot;serioustrauma&quot; then 
			TReX.serverside.affadd(&quot;mildtrauma&quot;)
			TReX.prios.affPrioRestore(&quot;mildtrauma&quot;)
		end
		
		if aff==&quot;mangledhead&quot; then 
			TReX.serverside.affadd(&quot;damagedhead&quot;)
			TReX.prios.affPrioRestore(&quot;damagedhead&quot;)
		end
		
		if aff==&quot;damagedhead&quot; then 
			TReX.serverside.affadd(&quot;concussion&quot;)
			TReX.prios.affPrioRestore(&quot;concussion&quot;)
		end


	if (t.stacks[&quot;focus&quot;] &gt;= 2) then
		if t.serverside[&quot;settings&quot;].focus then  -- tshow settings
		   --if not table.index_of({&quot;depthswalker&quot;,&quot;apostate&quot;, &quot;priest&quot;,&quot;occultist&quot;}, TReX.s.class) then -- these classes need their own prios -- TO DO
			   -- we want to focus after herbs so setting to false.
			   t.focus(false)
		   --end
		end
	else
		--if not table.index_of({&quot;depthswalker&quot;,&quot;apostate&quot;, &quot;priest&quot;,&quot;occultist&quot;}, TReX.s.class) then -- these classes need their own prios -- TO DO
			-- we want to focus before herbs so setting to true.
			if t.serverside[&quot;settings&quot;].focus then  
				t.focus(true)
			end
		--end
	end-- if focus ? herbs


	end -- if event
	end -- if installed and not override


end -- function

registerAnonymousEventHandler(&quot;TReX lost aff&quot;, &quot;lostaff&quot;) -- [[external events]]</script>
                <eventHandlerList>
                    <string>TReX lost aff</string>
                </eventHandlerList>
            </Script>
            <Script isActive="yes" isFolder="no">
                <name>gainedaff</name>
                <packageName></packageName>
                <script>gainedaff = function(event, aff) 

	if event:find(&quot;gained aff&quot;) then
		raiseEvent(&quot;trackable_event got&quot;)

	if (aff == &quot;prone&quot;) and not t.serverside[&quot;settings&quot;].override then
		TReX.serverside.prone_check()
	end

	if (aff ~= &quot;prone&quot;) then
		t.serverside[&quot;settings&quot;].override = false
		if t.affs.prone then
			TReX.serverside.prone_check()
		end
	end 

	if (aff == &quot;aeon&quot;) then 
		if TReX.prios.current[&quot;aeon&quot;] ~= 1 then   
			TReX.prios.switchPrios(&quot;aeon&quot;, 1, 1)
		end
				send(&quot;cq all&quot;, false)
				send(&quot;CURING BATCH OFF&quot;, false)
				send(&quot;CURING DEFENCES OFF&quot;, false)
				send(&quot;CURING SIPHEALTH 33&quot;, false)
				send(&quot;CURING SIPMANA 33&quot;, false)
				send(&quot;CURING MOSSHEALTH 0&quot;, false)
				send(&quot;CURING MOSSMANA 0&quot;, false)
				
			if t.serverside[&quot;settings_default&quot;].clot_at ~= 5000 then
		   	t.send(&quot;CURING CLOTAT 5000&quot;, false)
				t.serverside[&quot;settings_default&quot;].clot_at = 5000
			end
		
			TReX.defs.reset()

				TReX.prios.switchPrios( &quot;timeflux&quot;, 2)
			   TReX.prios.switchPrios( &quot;asthma&quot;, 3 )
				TReX.prios.switchPrios( &quot;weariness&quot;, 4 )
				TReX.prios.switchPrios( &quot;anorexia&quot;, 5 )
				TReX.prios.switchPrios( &quot;impatience&quot;, 6 )
		   	   TReX.prios.switchPrios( &quot;paralysis&quot;, 7 )

		
	end 

	if (aff == &quot;blackout&quot;) then 
		if t.bals.tree and t.serverside[&quot;settings&quot;].tree and TReX.affs2tree[&quot;_by_class&quot;][&quot;blackout&quot;] &gt; 0 then 
			TReX.serverside.autoTreeOn()
		end 
			
			t.bals[&quot;tree&quot;] = false

		if treeTimer then return end

			if t.bals.treeTime then -- check for table entries
				treeTimer = tempTimer(TReX.averageListResult(t.bals.treeTime)+(getNetworkLatency()*.1), [[
					raiseEvent(&quot;trackable_event gained&quot;)
					raiseEvent(&quot;TReX gained bal&quot;, &quot;tree&quot;)
					treeTimer = nil
								if t.affs.blackout then -- just in case we in black out and timer overlapped.
									if t.bals.tree and t.serverside[&quot;settings&quot;].tree then  
										t.serverside.red_echo(&quot;Tree Fired&quot;)
										t.tree()
									end
								end

						]]) 
			else
				treeTimer = tempTimer(13+(getNetworkLatency()*.1), [[
					raiseEvent(&quot;trackable_event gained&quot;)
					raiseEvent(&quot;TReX gained bal&quot;, &quot;tree&quot;)
					treeTimer = nil
								if t.affs.blackout then -- just in case we in black out and timer overlapped.
									if t.bals.tree and t.serverside[&quot;settings&quot;].tree then  
										t.serverside.red_echo(&quot;Tree Fired&quot;)
										t.tree()
									end
								end

						]]) 
			end

	end -- if blackout

	if (t.stacks[&quot;focus&quot;] &gt;= 2) then
		if t.serverside[&quot;settings&quot;].focus then  -- tshow settings
		   --if not table.index_of({&quot;depthswalker&quot;,&quot;apostate&quot;, &quot;priest&quot;,&quot;occultist&quot;}, TReX.s.class) then -- these classes need their own prios -- TO DO
			   -- we want to focus after herbs so setting to false.
			   t.focus(false)
		   --end
		end
	else
		--if not table.index_of({&quot;depthswalker&quot;,&quot;apostate&quot;, &quot;priest&quot;,&quot;occultist&quot;}, TReX.s.class) then -- these classes need their own prios -- TO DO
			-- we want to focus before herbs so setting to true.
			if t.serverside[&quot;settings&quot;].focus then  
				t.focus(true)
			end
		--end
	end-- if focus ? herbs


						for _,v in pairs({&quot;Runewarden&quot;,&quot;Infernal&quot;,&quot;Paladin&quot;,&quot;Blademaster&quot;}) do
							if t.class[v].enabled then
                if t.serverside[&quot;settings&quot;].rage then
                    if t.stacks[&quot;rage&quot;] &gt;= 1 and (t.bals.rage) then 
                        t.rage()
                    end
                end
              end
						end

            for _,v in pairs({&quot;Runewarden&quot;,&quot;Infernal&quot;,&quot;Paladin&quot;,&quot;Blademaster&quot;,&quot;Sentinel&quot;,&quot;Blademaster&quot;,&quot;Monk&quot;,&quot;Druid&quot;}) do
                if t.class[v].enabled then
  								if t.serverside[&quot;settings&quot;].fitness then
                      if t.stacks[&quot;fitness&quot;] &gt;= 1 and (t.bals.fitness) then 
                          t.fitness()
                      end
                  end
								end
            end
         


			if (aff==&quot;homunculusmercury&quot;) and t.affs.homunculusmercury then
				if t.bals.herb then
					t.affs.homunculusmercury=false
					t.send(&quot;curing queue add bloodroot&quot;)
				end
			end

			--[[need accelrate lines to finish]]

         -- if table.index_of({&quot;Depthswalker&quot;}, TReX.s.class) then            
				--if t.stacks[&quot;accelerate&quot;] &gt;= 1 and (t.bals.accelerate) and not (t.bals.tree) then
             --   	if t.serverside[&quot;settings&quot;].shrugging then  -- tshow settings
              --      	t.accelerate()
              --  	end
            --	end-- if shrugging
			--end


         if TReX.s.class == &quot;Shaman&quot; then          
							if t.stacks[&quot;daina&quot;] &gt;= 1 and (t.bals.shrugging) and not (t.bals.tree) then
                	if t.serverside[&quot;settings&quot;].shrugging then  -- tshow settings
                    	t.daina()
                	end
            	end-- if shrugging
				end

         if TReX.s.class == &quot;Dragon&quot; then           
							if t.stacks[&quot;dragonheal&quot;] &gt;= 1 and (t.bals.shrugging) and not (t.bals.tree) then
                	if t.serverside[&quot;settings&quot;].shrugging then  -- tshow settings
                    	t.dragonheal()
                	end
            	end-- if dragonheal
					end


			if TReX.serverside.am_free() then
          if table.index_of({&quot;Runewarden&quot;,&quot;Infernal&quot;,&quot;Paladin&quot;,&quot;Blademaster&quot;}, TReX.s.class) then
              if t.serverside[&quot;settings&quot;].rage then
                  if t.stacks[&quot;rage&quot;] &gt;= 1 and (t.bals.rage) then 
                      t.rage()
                  end
              end
          end
      end-- if rage
            
			if TReX.s.class == &quot;Serpent&quot; then
				if t.stacks[&quot;shrugging&quot;] &gt;= 1 and (t.bals.shrugging) and not (t.affs.weariness) and not (t.bals.tree) then
          	if t.serverside[&quot;settings&quot;].shrugging then  -- tshow settings
              	t.shrugging()
          	end
      	end-- if shrugging
			end

     for _,v in pairs({&quot;Sentinel&quot;,&quot;Druid&quot;}) do 
  		 	if t.class[v].enabled then
  		   	if t.stacks[&quot;might&quot;] &gt;= 1 and (t.bals.might) and not (t.bals.tree) then
            	if t.serverside[&quot;settings&quot;].might then  -- tshow settings
               		t.might()
            	end
        	end-- if might
				end
			end

            
        if TReX.s.class == &quot;Magi&quot; then 
  				if t.stacks[&quot;bloodboil&quot;] &gt;= 1 and (t.bals.bloodboil) and not (t.affs.haemophilia) and not (t.affs.brokenleftarm and t.affs.brokenrightarm) then
          	if t.serverside[&quot;settings&quot;].bloodboil then  -- tshow settings
             		t.bloodboil()
           	end
  				end
        end -- if bloodboil

            



	end -- if event
end -- function

registerAnonymousEventHandler(&quot;TReX gained aff&quot;, &quot;gainedaff&quot;) -- [[external events]]</script>
                <eventHandlerList>
                    <string>TReX gained aff</string>
                </eventHandlerList>
            </Script>
            <Script isActive="yes" isFolder="no">
                <name>gainedbalance</name>
                <packageName></packageName>
                <script>gainedbalance = function(event, bal) 

	if event:find(&quot;gained bal&quot;) then
		if bal == &quot;tree&quot; then

  		if bal == &quot;herb&quot; then
  			if t.affs.asthma then
  				for _,v in pairs({&quot;Runewarden&quot;,&quot;Infernal&quot;,&quot;Paladin&quot;,&quot;Blademaster&quot;,&quot;Monk&quot;,&quot;Sentinel&quot;,&quot;Druid&quot;}) do
  					if TReX.s.class == v then
  						t.fitness() -- fitness check
  					end
  				end
  			end
  		 end			

		end -- if bal == salve
	end -- if event == gained bal
end -- func gained balance
			</script>
                <eventHandlerList>
                    <string>TReX gained bal</string>
                </eventHandlerList>
            </Script>
            <Script isActive="yes" isFolder="no">
                <name>lostbalance</name>
                <packageName></packageName>
                <script>lostbalance = function(event, bal) 
	if event:find(&quot;lost bal&quot;) then
		if bal == &quot;tree&quot; then

			 -- enter script here

		end -- if bal == tree
	end -- if event == lost bal
end -- func lost balance

</script>
                <eventHandlerList>
                    <string>TReX lost bal</string>
                </eventHandlerList>
            </Script>
        </ScriptGroup>
    </ScriptPackage>
</MudletPackage>
